id,split,semantic_id,pattern_id,group_tag,role,text
0,train,sem_0169,drink:decl,para3,lex,I have water.
1,train,sem_seed_learn_ynq_do,learn:ynq_do,singleton,single-seed,do We study a novel?
2,train,sem_0098,move:decl,para3,lex,She come to the office.
3,train,sem_seed_learn_conditional_if,learn:conditional_if,singleton,single-seed,"If it is warm, They review music."
4,train,sem_0102,acq:decl,para3,base,I get a book.
5,train,sem_seed_watch_past_simple,watch:past_simple,singleton,single-seed,We viewed a movie.
6,train,sem_seed_social_because_cause,social:because_cause,singleton,single-seed,"They make coffee, because it is warm."
7,train,sem_0015,social:decl,para4,lex,They start tea.
8,train,sem_0158,pref:decl,para3,lex,You prefer a book.
9,train,sem_seed_move_present_cont,move:present_cont,singleton,single-seed,We are running to the town.
10,train,sem_single_0917,eat:front_place,singleton,single,"at the library, He order a sandwich."
11,train,sem_seed_eat_past_simple,eat:past_simple,singleton,single-seed,They ordered dinner.
12,train,sem_0003,move:decl,para4,base,We arrive at the library.
13,train,sem_single_0920,acq:wh_where,singleton,single,Where do I buy?
14,train,sem_0273,eat:decl,para3,base,She order a sandwich.
15,train,sem_0053,eat:front_time,para4,order,"Now, She have a sandwich."
16,train,sem_0117,drink:decl,para3,lex,He drink a sandwich.
17,train,sem_0133,move:decl,para3,lex,She travel to the town.
18,train,sem_seed_acq_going_to,acq:going_to,singleton,single-seed,I am going to order dinner.
19,train,sem_0031,social:going_to,para4,tense,He is going to use a phone.
20,train,sem_seed_learn_front_time,learn:front_time,singleton,single-seed,"Now, She review a song."
21,train,sem_0172,drink:decl,para3,lex,We drink water.
22,train,sem_0135,call:present_cont,para3,tense,You are contacting my mother.
23,train,sem_0309,move:decl,para3,lex,I jog to the cafe.
24,train,sem_0082,learn:front_place,para3,order,"at home, He practice music."
25,train,sem_0096,drink:decl,para3,lex,I sip coffee.
26,train,sem_0144,call:decl,para3,lex,She call a friend.
27,train,sem_0014,pref:future_will,para4,tense,He will enjoy a novel.
28,train,sem_seed_learn_emph_do,learn:emph_do,singleton,single-seed,I do practice a book.
29,train,sem_0303,move:decl,para3,lex,She come to the station.
30,train,sem_0081,play:front_place,para3,order,"at the park, I play a song."
31,train,sem_seed_pref_future_will,pref:future_will,singleton,single-seed,She will like juice.
32,train,sem_single_0937,social:wh_when,singleton,single,When does He take?
33,train,sem_0291,social:decl,para3,lex,They make a ticket.
34,train,sem_0221,social:decl,para3,base,We help a friend.
35,train,sem_single_0944,play:wh_when,singleton,single,When do They play?
36,train,sem_0275,drink:going_to,para3,tense,She is going to sip coffee.
37,train,sem_0085,pref:decl,para3,lex,They enjoy pizza.
38,train,sem_0017,social:decl,para4,base,He make a sandwich.
39,train,sem_single_0955,play:wh_where,singleton,single,Where does She play?
40,train,sem_seed_eat_present_cont,eat:present_cont,singleton,single-seed,He is eatting lunch.
41,train,sem_single_0964,acq:perfect_pr,singleton,single,He has ordered pizza.
42,train,sem_0028,learn:going_to,para4,tense,They are going to read music.
43,train,sem_0240,acq:decl,para3,lex,They purchase a phone.
44,train,sem_0004,social:past_simple,para4,tense,You met my teacher.
45,train,sem_0040,call:decl,para4,base,She call my father.
46,train,sem_single_0933,play:going_to,singleton,single,You are going to play a game.
47,train,sem_seed_social_wh_what,social:wh_what,singleton,single-seed,What do We choose?
48,train,sem_0297,watch:front_place,para3,order,"at the office, He view a movie."
49,train,sem_0015,social:front_time,para4,order,"Today, They make coffee."
50,train,sem_0186,acq:decl,para3,base,They pick pizza.
51,train,sem_0090,eat:present_cont,para3,tense,I am haveing pizza.
52,train,sem_0076,watch:decl,para3,base,We view a show.
53,train,sem_0296,pref:front_place,para3,order,"at the office, I prefer a song."
54,train,sem_0052,watch:front_time,para4,order,"Today, I observe a movie."
55,train,sem_0124,eat:going_to,para3,tense,We are going to eat a sandwich.
56,train,sem_0135,call:decl,para3,lex,You text my father.
57,train,sem_seed_learn_past_cont,learn:past_cont,singleton,single-seed,She was readding a song.
58,train,sem_0109,call:decl,para3,base,He text my mother.
59,train,sem_0104,acq:future_will,para3,tense,We will pick a movie.
60,train,sem_0148,call:decl,para3,lex,They call my teacher.
61,train,sem_0183,move:decl,para3,base,We arrive at the city.
62,train,sem_0268,social:future_will,para3,tense,They will help a friend.
63,train,sem_0051,watch:decl,para4,lex,She see a film.
64,train,sem_seed_move_ynq_do,move:ynq_do,singleton,single-seed,do I run to the city?
65,train,sem_single_0916,eat:past_simple,singleton,single,You had dinner.
66,train,sem_single_0975,call:decl,singleton,single,We phone my mother.
67,train,sem_seed_social_modal_can,social:modal_can,singleton,single-seed,We can choose a book.
68,train,sem_0041,social:present_cont,para4,tense,I am chooseing a game.
69,train,sem_0217,watch:decl,para3,lex,You view a game.
70,train,sem_0228,eat:front_place,para3,order,"at the town, She eat dinner."
71,train,sem_0006,move:front_place,para4,order,"to the town, I walk."
72,train,sem_seed_watch_front_time,watch:front_time,singleton,single-seed,"Today, They see a movie."
73,train,sem_0205,pref:past_simple,para3,tense,You enjoyed lunch.
74,train,sem_0190,pref:decl,para3,base,He prefer a book.
75,train,sem_seed_eat_emph_do,eat:emph_do,singleton,single-seed,You did have pizza.
76,train,sem_seed_acq_comparative,acq:comparative,singleton,single-seed,We prefer a ticket to that.
77,train,sem_single_0936,watch:ynq_do,singleton,single,do I view a film?
78,train,sem_0296,pref:decl,para3,base,I prefer a song.
79,train,sem_0181,drink:front_place,para3,order,"in the cafe, He sip water."
80,train,sem_0000,eat:decl,para4,base,You have a sandwich.
81,train,sem_single_0997,acq:negative_simple,singleton,single,I do not purchase a movie.
82,train,sem_0293,move:decl,para3,lex,We come to the library.
83,train,sem_0118,learn:present_cont,para3,tense,We are learning a song.
84,train,sem_0091,eat:front_time,para3,order,"Yesterday, I order dinner."
85,train,sem_0137,learn:decl,para3,base,I review a novel.
86,train,sem_seed_pref_wh_what,pref:wh_what,singleton,single-seed,What do We prefer?
87,train,sem_seed_move_front_time,move:front_time,singleton,single-seed,"Today, We come to home."
88,train,sem_0063,watch:front_time,para3,order,"Yesterday, We watch a game."
89,train,sem_0214,move:perfect_pr,para3,tense,He has came to the station.
90,train,sem_0173,acq:decl,para3,base,They pick a novel.
91,train,sem_seed_learn_front_place,learn:front_place,singleton,single-seed,"in the office, We practice music."
92,train,sem_0048,eat:front_place,para4,order,"in the library, They have pizza."
93,train,sem_0189,move:decl,para3,base,You return at the cafe.
94,train,sem_0055,social:perfect_pr,para4,tense,They have finished a game.
95,train,sem_single_0994,social:wh_when,singleton,single,When does He use?
96,train,sem_single_0973,learn:going_to,singleton,single,I am going to review a book.
97,train,sem_seed_move_wh_when,move:wh_when,singleton,single-seed,When do You travel?
98,train,sem_0291,social:decl,para3,base,They bring a ticket.
99,train,sem_0085,pref:decl,para3,base,They love a sandwich.
100,train,sem_single_0949,social:perfect_pr,singleton,single,I have took a sandwich.
101,train,sem_0308,pref:decl,para3,lex,They like music.
102,train,sem_0265,drink:decl,para3,base,She have pizza.
103,train,sem_0151,social:decl,para3,base,They choose a game.
104,train,sem_0156,drink:decl,para3,lex,They drink juice.
105,train,sem_seed_drink_modal_can,drink:modal_can,singleton,single-seed,She can drink tea.
106,train,sem_0105,call:front_time,para3,order,"Now, She contact my father."
107,train,sem_0129,move:front_place,para3,order,"at the station, You visit."
108,train,sem_0090,eat:decl,para3,lex,I eat a sandwich.
109,train,sem_0068,watch:decl,para3,base,They see a game.
110,train,sem_0001,move:modal_can,para4,tense,You can return at school.
111,train,sem_0030,learn:front_place,para4,order,"in the cafe, We study a song."
112,train,sem_0147,watch:front_time,para3,order,"Today, He observe a movie."
113,train,sem_seed_eat_past_cont,eat:past_cont,singleton,single-seed,He was eatting a sandwich.
114,train,sem_seed_pref_past_cont,pref:past_cont,singleton,single-seed,You were loveing water.
115,train,sem_seed_move_future_will,move:future_will,singleton,single-seed,You will come to the park.
116,train,sem_0213,pref:decl,para3,lex,We enjoy juice.
117,train,sem_0200,watch:front_place,para3,order,"in the city, They see a show."
118,train,sem_seed_eat_decl,eat:decl,singleton,single-seed,We have a sandwich.
119,train,sem_seed_watch_conditional_if,watch:conditional_if,singleton,single-seed,"If it is warm, He see a show."
120,train,sem_0046,acq:perfect_pr,para4,tense,I have ordered pizza.
121,train,sem_0054,social:front_time,para4,order,"Now, They help my mother."
122,train,sem_0037,eat:decl,para4,lex,We eat dinner.
123,train,sem_0174,acq:decl,para3,base,I get a phone.
124,train,sem_0087,play:decl,para3,base,They play a song.
125,train,sem_single_0898,call:perfect_pr,singleton,single,She has phoned my mother.
126,train,sem_seed_social_wh_when,social:wh_when,singleton,single-seed,When does He bring?
127,train,sem_0103,call:decl,para3,base,They call my father.
128,train,sem_0164,drink:modal_can,para3,tense,We can drink coffee.
129,train,sem_seed_call_front_place,call:front_place,singleton,single-seed,"at home, She call my father."
130,train,sem_seed_call_because_cause,call:because_cause,singleton,single-seed,"They call my father, because it is warm."
131,train,sem_0266,acq:decl,para3,lex,You buy a film.
132,train,sem_0153,pref:decl,para3,base,We love lunch.
133,train,sem_0256,call:decl,para3,base,They phone my father.
134,train,sem_seed_play_imperative,play:imperative,singleton,single-seed,Please play a song.
135,train,sem_0100,pref:decl,para3,lex,We like a movie.
136,train,sem_seed_watch_comparative,watch:comparative,singleton,single-seed,This book is better than that film.
137,train,sem_seed_acq_emph_do,acq:emph_do,singleton,single-seed,They did buy a computer.
138,train,sem_seed_pref_emph_do,pref:emph_do,singleton,single-seed,We do prefer a sandwich.
139,train,sem_0081,play:decl,para3,base,I play a song.
140,train,sem_0101,move:decl,para3,base,They arrive at the station.
141,train,sem_0024,play:decl,para4,base,You play music.
142,train,sem_single_0904,social:conditional_if,singleton,single,"If it is warm, You meet a friend."
143,train,sem_seed_drink_wh_where,drink:wh_where,singleton,single-seed,Where do You drink?
144,train,sem_0156,drink:front_place,para3,order,"at school, They sip water."
145,train,sem_single_0910,social:front_time,singleton,single,"Yesterday, She choose a movie."
146,train,sem_0123,move:front_place,para3,order,"at the cafe, We visit."
147,train,sem_seed_play_emph_do,play:emph_do,singleton,single-seed,We did play music.
148,train,sem_0237,move:front_time,para3,order,"Now, We travel to the station."
149,train,sem_0132,drink:decl,para3,base,You sip juice.
150,train,sem_0113,watch:going_to,para3,tense,He is going to observe a show.
151,train,sem_0207,watch:decl,para3,base,You see a movie.
152,train,sem_0100,pref:front_time,para3,order,"Yesterday, We prefer a film."
153,train,sem_single_0993,social:front_place,singleton,single,"in the library, I take pizza."
154,train,sem_seed_learn_wh_when,learn:wh_when,singleton,single-seed,When does He review?
155,train,sem_seed_pref_front_time,pref:front_time,singleton,single-seed,"Today, We like a show."
156,train,sem_single_0901,drink:negative_simple,singleton,single,You do not drink tea.
157,train,sem_0065,eat:decl,para3,lex,He order dinner.
158,train,sem_seed_learn_negative_simple,learn:negative_simple,singleton,single-seed,I do not study a novel.
159,train,sem_0059,watch:decl,para3,base,He watch a game.
160,train,sem_0009,call:front_place,para4,order,"in the station, We text my teacher."
161,train,sem_seed_pref_going_to,pref:going_to,singleton,single-seed,They are going to like a novel.
162,train,sem_seed_move_wh_where,move:wh_where,singleton,single-seed,Where do They jog?
163,train,sem_seed_acq_past_cont,acq:past_cont,singleton,single-seed,They were purchasing a computer.
164,train,sem_0153,pref:front_place,para3,order,"at the office, We love lunch."
165,train,sem_0142,move:decl,para3,lex,You return at home.
166,train,sem_0164,drink:decl,para3,lex,We sip tea.
167,train,sem_0044,learn:decl,para4,base,He read a novel.
168,train,sem_0030,learn:decl,para4,base,We study a song.
169,train,sem_single_0932,drink:wh_when,singleton,single,When does She have?
170,train,sem_0219,acq:decl,para3,base,You purchase a game.
171,train,sem_0089,acq:modal_can,para3,tense,I can pick a sandwich.
172,train,sem_seed_drink_comparative,drink:comparative,singleton,single-seed,This movie is better than that town.
173,train,sem_0006,move:present_cont,para4,tense,I am walking to the town.
174,train,sem_seed_call_wh_when,call:wh_when,singleton,single-seed,When does She text?
175,train,sem_seed_social_conditional_if,social:conditional_if,singleton,single-seed,"If it is warm, They help my father."
176,train,sem_seed_move_conditional_if,move:conditional_if,singleton,single-seed,"If it is warm, They visit at the park."
177,train,sem_0124,eat:decl,para3,base,We eat a sandwich.
178,train,sem_0277,call:decl,para3,lex,He call a friend.
179,train,sem_single_0924,move:imperative,singleton,single,Please run to the city.
180,train,sem_0011,pref:decl,para4,base,She love a song.
181,train,sem_0110,acq:front_time,para3,order,"Today, They get a movie."
182,train,sem_0077,move:modal_can,para3,tense,You can walk to the park.
183,train,sem_0261,move:decl,para3,lex,I return at the library.
184,train,sem_0065,eat:decl,para3,base,He have lunch.
185,train,sem_single_0897,acq:past_simple,singleton,single,They bought a movie.
186,train,sem_0180,social:decl,para3,base,I take a ticket.
187,train,sem_0082,learn:decl,para3,base,He practice music.
188,train,sem_0293,move:front_time,para3,order,"Now, We travel to school."
189,train,sem_seed_drink_wh_what,drink:wh_what,singleton,single-seed,What do I sip?
190,train,sem_0039,social:decl,para4,lex,She help a film.
191,train,sem_seed_acq_present_cont,acq:present_cont,singleton,single-seed,I am purchasing a show.
192,train,sem_0008,drink:future_will,para4,tense,He will sip coffee.
193,train,sem_0212,learn:decl,para3,lex,You review music.
194,train,sem_seed_drink_front_time,drink:front_time,singleton,single-seed,"Now, They sip tea."
195,train,sem_0194,move:decl,para3,base,He jog to home.
196,train,sem_0021,call:front_place,para4,order,"in the town, They contact my father."
197,train,sem_0050,pref:decl,para4,base,They like a show.
198,train,sem_seed_play_negative_simple,play:negative_simple,singleton,single-seed,They do not play a song.
199,train,sem_0084,pref:decl,para3,base,She like a film.
200,train,sem_0217,watch:present_cont,para3,tense,You are observing a game.
201,train,sem_seed_play_past_cont,play:past_cont,singleton,single-seed,I was playying music.
202,train,sem_0144,call:decl,para3,base,She contact my teacher.
203,train,sem_0184,call:front_time,para3,order,"Yesterday, They contact my teacher."
204,train,sem_seed_acq_wh_when,acq:wh_when,singleton,single-seed,When do We purchase?
205,train,sem_0004,social:decl,para4,lex,You take a friend.
206,train,sem_single_0961,play:because_cause,singleton,single,"He play a song, because it is warm."
207,train,sem_0104,acq:decl,para3,lex,We order a film.
208,train,sem_0116,call:decl,para3,lex,You phone a friend.
209,train,sem_0077,move:decl,para3,lex,You run to the city.
210,train,sem_0028,learn:front_place,para4,order,"at the library, They read music."
211,train,sem_single_0974,eat:past_simple,singleton,single,She ordered dinner.
212,train,sem_0309,move:past_simple,para3,tense,I arrived at home.
213,train,sem_single_0941,call:negative_simple,singleton,single,They do not call my mother.
214,train,sem_0001,move:front_time,para4,order,"Today, You return at school."
215,train,sem_0075,social:decl,para3,base,She choose coffee.
216,train,sem_seed_eat_negative_simple,eat:negative_simple,singleton,single-seed,You do not have lunch.
217,train,sem_0229,social:front_time,para3,order,"Today, You use a book."
218,train,sem_0117,drink:decl,para3,base,He have pizza.
219,train,sem_seed_watch_emph_do,watch:emph_do,singleton,single-seed,She does see a film.
220,train,sem_0051,watch:decl,para4,base,She view a movie.
221,train,sem_seed_play_perfect_pr,play:perfect_pr,singleton,single-seed,I have played a game.
222,train,sem_0012,social:front_place,para4,order,"in the library, I bring a book."
223,train,sem_single_0998,move:negative_simple,singleton,single,She does not visit at school.
224,train,sem_seed_move_past_simple,move:past_simple,singleton,single-seed,She traveled to the library.
225,train,sem_0169,drink:front_time,para3,order,"Now, I sip juice."
226,train,sem_0095,learn:decl,para3,lex,We read a novel.
227,train,sem_0172,drink:front_place,para3,order,"at home, We sip juice."
228,train,sem_0079,acq:front_place,para3,order,"at the office, We order dinner."
229,train,sem_0223,call:decl,para3,lex,She phone my teacher.
230,train,sem_0171,acq:decl,para3,lex,I purchase a film.
231,train,sem_0179,learn:decl,para3,base,He study a novel.
232,train,sem_seed_social_wh_where,social:wh_where,singleton,single-seed,Where do I help?
233,train,sem_seed_watch_imperative,watch:imperative,singleton,single-seed,Please watch a film.
234,train,sem_single_0915,call:wh_what,singleton,single,What do They call?
235,train,sem_0097,learn:decl,para3,base,They review music.
236,train,sem_0096,drink:decl,para3,base,I drink tea.
237,train,sem_0001,move:decl,para4,base,You return at school.
238,train,sem_0116,call:modal_can,para3,tense,You can contact my teacher.
239,train,sem_0033,social:past_simple,para4,tense,They finished lunch.
240,train,sem_0063,watch:decl,para3,lex,We see a game.
241,train,sem_0102,acq:decl,para3,lex,I purchase a novel.
242,train,sem_0205,pref:decl,para3,base,You enjoy lunch.
243,train,sem_0304,drink:perfect_pr,para3,tense,She has drank juice.
244,train,sem_single_0970,watch:negative_simple,singleton,single,You do not see a game.
245,train,sem_0087,play:present_cont,para3,tense,They are playying a song.
246,train,sem_0098,move:front_place,para3,order,"at the office, She visit."
247,train,sem_single_0966,call:front_time,singleton,single,"Yesterday, He text my father."
248,train,sem_0099,acq:decl,para3,base,She purchase a film.
249,train,sem_seed_drink_negative_simple,drink:negative_simple,singleton,single-seed,He does not sip tea.
250,train,sem_0018,call:future_will,para4,tense,You will text a friend.
251,train,sem_0233,watch:decl,para3,lex,You watch a game.
252,train,sem_0265,drink:future_will,para3,tense,She will have pizza.
253,train,sem_0112,acq:decl,para3,lex,I buy dinner.
254,train,sem_seed_eat_wh_what,eat:wh_what,singleton,single-seed,What do I have?
255,train,sem_0095,learn:decl,para3,base,We learn a book.
256,train,sem_0083,move:past_simple,para3,tense,He returned at the town.
257,train,sem_0105,call:decl,para3,lex,She call my mother.
258,train,sem_0050,pref:decl,para4,lex,They love a show.
259,train,sem_0201,watch:decl,para3,lex,They view a film.
260,train,sem_0060,learn:front_time,para3,order,"Now, She review music."
261,train,sem_0012,social:decl,para4,lex,I meet a novel.
262,train,sem_0154,call:decl,para3,base,You phone my teacher.
263,train,sem_0022,learn:decl,para4,base,She learn a book.
264,train,sem_0223,call:front_place,para3,order,"at the library, She text a friend."
265,train,sem_0054,social:decl,para4,base,They help my mother.
266,train,sem_0033,social:decl,para4,base,They finish lunch.
267,train,sem_seed_play_ynq_do,play:ynq_do,singleton,single-seed,does He play a song?
268,train,sem_0079,acq:decl,para3,base,We order dinner.
269,train,sem_seed_learn_perfect_pr,learn:perfect_pr,singleton,single-seed,We have practiced music.
270,train,sem_0026,play:front_place,para4,order,"in the office, He play a song."
271,train,sem_single_0929,learn:wh_what,singleton,single,What do I study?
272,train,sem_0051,watch:front_time,para4,order,"Now, She view a movie."
273,train,sem_0229,social:decl,para3,base,You use a book.
274,train,sem_0055,social:decl,para4,base,They finish a game.
275,train,sem_seed_play_past_simple,play:past_simple,singleton,single-seed,You played music.
276,train,sem_0300,call:decl,para3,base,I call my teacher.
277,train,sem_0261,move:front_time,para3,order,"Today, I go to school."
278,train,sem_0057,pref:decl,para3,lex,He like lunch.
279,train,sem_seed_play_because_cause,play:because_cause,singleton,single-seed,"I play a game, because it is warm."
280,train,sem_single_0983,drink:wh_where,singleton,single,Where do We drink?
281,train,sem_0286,learn:decl,para3,lex,They learn a book.
282,train,sem_0138,social:decl,para3,lex,She start my teacher.
283,train,sem_single_0953,drink:negative_simple,singleton,single,He does not have dinner.
284,train,sem_0086,call:decl,para3,base,He phone my father.
285,train,sem_0256,call:decl,para3,lex,They contact my mother.
286,train,sem_0133,move:decl,para3,base,She jog to the town.
287,train,sem_0036,move:decl,para4,lex,They travel to the station.
288,train,sem_0300,call:front_place,para3,order,"at the cafe, I call my teacher."
289,train,sem_0227,pref:decl,para3,lex,I like water.
290,train,sem_0102,acq:front_time,para3,order,"Today, I get a book."
291,train,sem_0105,call:decl,para3,base,She contact my father.
292,train,sem_0214,move:decl,para3,base,He come to the station.
293,train,sem_0106,social:decl,para3,base,They take a phone.
294,train,sem_0219,acq:decl,para3,lex,You buy a game.
295,train,sem_0138,social:modal_can,para3,tense,She can meet a friend.
296,train,sem_0016,pref:perfect_pr,para4,tense,We have loveed juice.
297,train,sem_single_0986,call:negative_simple,singleton,single,She does not contact a friend.
298,train,sem_seed_call_past_simple,call:past_simple,singleton,single-seed,We contacted a friend.
299,train,sem_seed_play_conditional_if,play:conditional_if,singleton,single-seed,"If it is warm, We play a game."
300,train,sem_0020,move:decl,para4,lex,She walk to the park.
301,train,sem_0020,move:present_cont,para4,tense,She is coming to the city.
302,train,sem_0078,drink:front_place,para3,order,"in home, He have dinner."
303,train,sem_0173,acq:modal_can,para3,tense,They can pick a novel.
304,train,sem_seed_move_front_place,move:front_place,singleton,single-seed,"to the library, They travel."
305,train,sem_single_0950,eat:perfect_pr,singleton,single,I have had lunch.
306,train,sem_0172,drink:decl,para3,base,We sip juice.
307,train,sem_seed_call_emph_do,call:emph_do,singleton,single-seed,He does phone a friend.
308,train,sem_0002,call:front_place,para4,order,"at the cafe, He call my teacher."
309,train,sem_0197,eat:decl,para3,base,You eat lunch.
310,train,sem_single_0912,call:wh_where,singleton,single,Where do I phone?
311,train,sem_0120,play:decl,para3,lex,We play music.
312,train,sem_0159,social:decl,para3,lex,I bring tea.
313,train,sem_0058,move:decl,para3,base,She travel to home.
314,train,sem_0153,pref:decl,para3,lex,We like dinner.
315,train,sem_0143,learn:front_place,para3,order,"in school, She study music."
316,train,sem_0152,pref:decl,para3,base,He enjoy music.
317,train,sem_seed_eat_front_time,eat:front_time,singleton,single-seed,"Now, You order a sandwich."
318,train,sem_0057,pref:modal_can,para3,tense,He can prefer dinner.
319,train,sem_seed_call_conditional_if,call:conditional_if,singleton,single-seed,"If it is warm, I text my mother."
320,train,sem_seed_call_imperative,call:imperative,singleton,single-seed,Please contact my father.
321,train,sem_0061,learn:decl,para3,base,She practice a novel.
322,train,sem_0303,move:decl,para3,base,She travel to the station.
323,train,sem_seed_drink_emph_do,drink:emph_do,singleton,single-seed,We do drink water.
324,train,sem_seed_eat_wh_when,eat:wh_when,singleton,single-seed,When do I have?
325,train,sem_seed_drink_present_cont,drink:present_cont,singleton,single-seed,He is sipping water.
326,train,sem_0107,drink:front_place,para3,order,"in the city, They have dinner."
327,train,sem_seed_move_modal_can,move:modal_can,singleton,single-seed,I can visit at the office.
328,train,sem_0021,call:decl,para4,lex,They call my mother.
329,train,sem_seed_eat_because_cause,eat:because_cause,singleton,single-seed,"She have lunch, because it is warm."
330,train,sem_0200,watch:decl,para3,lex,They observe a show.
331,train,sem_single_0903,watch:wh_when,singleton,single,When do They watch?
332,train,sem_0227,pref:front_time,para3,order,"Now, I enjoy juice."
333,train,sem_0043,learn:decl,para4,lex,I practice a novel.
334,train,sem_0126,acq:decl,para3,base,He get a computer.
335,train,sem_0066,pref:decl,para3,base,I like pizza.
336,train,sem_0236,pref:decl,para3,lex,She enjoy a novel.
337,train,sem_0130,pref:decl,para3,lex,I prefer music.
338,train,sem_0278,move:decl,para3,base,They arrive at the cafe.
339,train,sem_0028,learn:decl,para4,base,They read music.
340,train,sem_0162,learn:perfect_pr,para3,tense,You have practiced a book.
341,train,sem_seed_call_present_cont,call:present_cont,singleton,single-seed,He is texting my father.
342,train,sem_0263,pref:decl,para3,lex,We prefer juice.
343,train,sem_seed_call_perfect_pr,call:perfect_pr,singleton,single-seed,They have called my father.
344,train,sem_0013,eat:decl,para4,base,You order pizza.
345,train,sem_0065,eat:front_time,para3,order,"Yesterday, He have lunch."
346,train,sem_0003,move:front_place,para4,order,"at the library, We arrive."
347,train,sem_seed_learn_because_cause,learn:because_cause,singleton,single-seed,"You practice a book, because it is warm."
348,train,sem_0032,acq:decl,para4,base,We buy a song.
349,train,sem_0246,eat:future_will,para3,tense,They will eat pizza.
350,train,sem_0223,call:decl,para3,base,She text a friend.
351,train,sem_seed_play_front_time,play:front_time,singleton,single-seed,"Yesterday, She play a game."
352,train,sem_0006,move:decl,para4,lex,I jog to the town.
353,train,sem_0027,pref:future_will,para4,tense,You will like a movie.
354,train,sem_seed_acq_front_time,acq:front_time,singleton,single-seed,"Today, They order a sandwich."
355,train,sem_0138,social:decl,para3,base,She meet a friend.
356,train,sem_0002,call:decl,para4,lex,He contact a friend.
357,train,sem_seed_move_because_cause,move:because_cause,singleton,single-seed,"You come to the library, because it is warm."
358,train,sem_0018,call:decl,para4,lex,You call my teacher.
359,train,sem_0024,play:perfect_pr,para4,tense,You have played music.
360,train,sem_0249,learn:decl,para3,base,I read a book.
361,train,sem_0092,acq:future_will,para3,tense,She will buy a novel.
362,train,sem_seed_watch_front_place,watch:front_place,singleton,single-seed,"in school, We see a show."
363,train,sem_single_0991,acq:front_place,singleton,single,"in school, We purchase a sandwich."
364,train,sem_0060,learn:decl,para3,base,She review music.
365,train,sem_single_0905,acq:emph_do,singleton,single,They do get a computer.
366,train,sem_0019,eat:present_cont,para4,tense,You are ordering a sandwich.
367,train,sem_single_0979,call:past_simple,singleton,single,We texted my mother.
368,train,sem_0115,call:decl,para3,base,They phone my mother.
369,train,sem_seed_social_negative_simple,social:negative_simple,singleton,single-seed,She does not meet a friend.
370,train,sem_0086,call:decl,para3,lex,He call my mother.
371,train,sem_0054,social:decl,para4,lex,They make my father.
372,train,sem_seed_pref_modal_can,pref:modal_can,singleton,single-seed,You can enjoy a novel.
373,train,sem_single_0956,social:wh_when,singleton,single,When do I bring?
374,train,sem_0025,learn:decl,para4,base,He learn a novel.
375,train,sem_0266,acq:past_simple,para3,tense,You picked a movie.
376,train,sem_0039,social:front_place,para4,order,"in the city, She finish a movie."
377,train,sem_0027,pref:decl,para4,lex,You love a film.
378,train,sem_0123,move:decl,para3,base,We visit at the cafe.
379,train,sem_0003,move:perfect_pr,para4,tense,We have arrived at the library.
380,train,sem_0009,call:decl,para4,lex,We phone a friend.
381,train,sem_seed_eat_going_to,eat:going_to,singleton,single-seed,They are going to order pizza.
382,train,sem_0159,social:front_time,para3,order,"Today, I choose coffee."
383,train,sem_0100,pref:decl,para3,base,We prefer a film.
384,train,sem_0183,move:perfect_pr,para3,tense,We have arrived at the city.
385,train,sem_0274,move:modal_can,para3,tense,I can run to the station.
386,train,sem_0041,social:front_time,para4,order,"Yesterday, I choose a game."
387,train,sem_0042,watch:front_place,para4,order,"at the city, I see a game."
388,train,sem_0219,acq:front_time,para3,order,"Now, You purchase a game."
389,train,sem_seed_learn_imperative,learn:imperative,singleton,single-seed,Please read music.
390,train,sem_0220,watch:decl,para3,lex,You observe a show.
391,train,sem_seed_call_past_cont,call:past_cont,singleton,single-seed,She was phoning my mother.
392,train,sem_0021,call:decl,para4,base,They contact my father.
393,train,sem_0071,pref:decl,para3,base,We prefer a sandwich.
394,train,sem_0137,learn:decl,para3,lex,I learn a book.
395,train,sem_seed_learn_past_simple,learn:past_simple,singleton,single-seed,You studied music.
396,train,sem_0020,move:decl,para4,base,She come to the city.
397,train,sem_0303,move:going_to,para3,tense,She is going to travel to the station.
398,train,sem_0069,acq:decl,para3,base,We get a song.
399,train,sem_0221,social:front_time,para3,order,"Now, We help a friend."
400,train,sem_0176,call:decl,para3,lex,I phone my mother.
401,train,sem_seed_eat_perfect_pr,eat:perfect_pr,singleton,single-seed,She has had lunch.
402,train,sem_single_0939,learn:wh_where,singleton,single,Where do We study?
403,train,sem_0109,call:front_place,para3,order,"at the park, He text my mother."
404,train,sem_single_0968,move:emph_do,singleton,single,You did arrive at the cafe.
405,train,sem_0181,drink:decl,para3,base,He sip water.
406,train,sem_0126,acq:going_to,para3,tense,He is going to get a computer.
407,train,sem_0075,social:decl,para3,lex,She make tea.
408,train,sem_0089,acq:decl,para3,base,I pick a sandwich.
409,train,sem_0213,pref:decl,para3,base,We love water.
410,train,sem_seed_watch_future_will,watch:future_will,singleton,single-seed,We will view a show.
411,train,sem_0088,acq:decl,para3,base,They buy pizza.
412,train,sem_0096,drink:front_place,para3,order,"in home, I drink tea."
413,train,sem_0139,learn:decl,para3,base,You review a book.
414,train,sem_0085,pref:future_will,para3,tense,They will love a sandwich.
415,train,sem_seed_move_past_cont,move:past_cont,singleton,single-seed,He was going to the town.
416,train,sem_0154,call:decl,para3,lex,You call a friend.
417,train,sem_0126,acq:decl,para3,lex,He buy a phone.
418,train,sem_0113,watch:decl,para3,base,He observe a show.
419,train,sem_0007,watch:decl,para4,lex,You watch a movie.
420,train,sem_0107,drink:decl,para3,base,They have dinner.
421,train,sem_0122,social:front_time,para3,order,"Yesterday, They use a computer."
422,train,sem_0022,learn:front_place,para4,order,"at the town, She learn a book."
423,train,sem_seed_acq_future_will,acq:future_will,singleton,single-seed,She will buy a movie.
424,train,sem_0081,play:decl,para3,lex,I play music.
425,train,sem_single_0962,acq:wh_where,singleton,single,Where do You buy?
426,train,sem_seed_acq_ynq_do,acq:ynq_do,singleton,single-seed,does He get a show?
427,train,sem_0039,social:going_to,para4,tense,She is going to finish a movie.
428,train,sem_seed_drink_past_simple,drink:past_simple,singleton,single-seed,I sipped coffee.
429,train,sem_0056,move:front_time,para3,order,"Today, I jog to the office."
430,train,sem_0084,pref:past_simple,para3,tense,She likeed a film.
431,train,sem_single_0900,acq:negative_simple,singleton,single,We do not order pizza.
432,train,sem_0208,pref:decl,para3,base,We prefer lunch.
433,train,sem_0118,learn:decl,para3,lex,We read music.
434,train,sem_seed_call_going_to,call:going_to,singleton,single-seed,You are going to call my teacher.
435,train,sem_0021,call:past_simple,para4,tense,They contacted my father.
436,train,sem_0246,eat:decl,para3,base,They eat pizza.
437,train,sem_single_0938,drink:perfect_pr,singleton,single,He has drank coffee.
438,train,sem_0255,pref:decl,para3,base,You love a game.
439,train,sem_0176,call:decl,para3,base,I contact my father.
440,train,sem_0159,social:decl,para3,base,I choose coffee.
441,train,sem_single_0907,social:negative_simple,singleton,single,She does not choose coffee.
442,train,sem_0104,acq:decl,para3,base,We pick a movie.
443,train,sem_0296,pref:decl,para3,lex,I like music.
444,train,sem_seed_watch_modal_can,watch:modal_can,singleton,single-seed,They can see a movie.
445,train,sem_seed_learn_present_cont,learn:present_cont,singleton,single-seed,You are studying music.
446,train,sem_0032,acq:decl,para4,lex,We order music.
447,train,sem_seed_pref_negative_simple,pref:negative_simple,singleton,single-seed,We do not like a show.
448,train,sem_0024,play:front_time,para4,order,"Yesterday, You play music."
449,train,sem_0058,move:front_time,para3,order,"Today, She travel to home."
450,train,sem_0056,move:decl,para3,lex,I run to the office.
451,train,sem_0037,eat:front_place,para4,order,"in school, We have lunch."
452,train,sem_single_0963,drink:modal_can,singleton,single,We can drink juice.
453,train,sem_0192,drink:decl,para3,base,You drink tea.
454,train,sem_0251,social:decl,para3,lex,You choose lunch.
455,train,sem_seed_acq_front_place,acq:front_place,singleton,single-seed,"in the park, We pick a movie."
456,train,sem_0265,drink:decl,para3,lex,She drink a sandwich.
457,train,sem_0014,pref:front_place,para4,order,"at school, He enjoy a novel."
458,train,sem_seed_watch_going_to,watch:going_to,singleton,single-seed,They are going to observe a game.
459,train,sem_0018,call:front_time,para4,order,"Today, You text a friend."
460,train,sem_0243,learn:decl,para3,base,We read a book.
461,train,sem_0086,call:past_simple,para3,tense,He phoned my father.
462,train,sem_0023,play:decl,para4,base,He play a game.
463,train,sem_0019,eat:decl,para4,lex,You have pizza.
464,train,sem_0108,play:decl,para3,base,She play a game.
465,train,sem_seed_learn_comparative,learn:comparative,singleton,single-seed,This game is better than that film.
466,train,sem_single_0935,move:past_cont,singleton,single,I was going to the library.
467,train,sem_0274,move:decl,para3,lex,I visit at the station.
468,train,sem_0278,move:decl,para3,lex,They travel to home.
469,train,sem_0035,call:future_will,para4,tense,We will phone my father.
470,train,sem_0281,social:front_place,para3,order,"in home, We start a book."
471,train,sem_seed_social_decl,social:decl,singleton,single-seed,He use a book.
472,train,sem_0042,watch:present_cont,para4,tense,I am seeing a game.
473,train,sem_0024,play:decl,para4,lex,You play a song.
474,train,sem_0010,learn:front_place,para4,order,"in the town, She read a novel."
475,train,sem_0220,watch:decl,para3,base,You view a show.
476,train,sem_0027,pref:front_time,para4,order,"Yesterday, You like a movie."
477,train,sem_0043,learn:decl,para4,base,I review a book.
478,train,sem_single_0940,move:perfect_pr,singleton,single,She has returned at the city.
479,train,sem_0028,learn:decl,para4,lex,They study a song.
480,train,sem_0148,call:going_to,para3,tense,They are going to contact a friend.
481,train,sem_0174,acq:decl,para3,lex,I order a computer.
482,train,sem_single_0958,play:because_cause,singleton,single,"I play music, because it is warm."
483,train,sem_0131,eat:decl,para3,base,We order lunch.
484,train,sem_0207,watch:decl,para3,lex,You watch a film.
485,train,sem_single_0931,play:front_time,singleton,single,"Yesterday, You play a song."
486,train,sem_0181,drink:decl,para3,lex,He have juice.
487,train,sem_0170,drink:decl,para3,base,You drink juice.
488,train,sem_seed_acq_wh_what,acq:wh_what,singleton,single-seed,What do I order?
489,train,sem_0284,acq:front_place,para3,order,"at the cafe, He pick a sandwich."
490,train,sem_0052,watch:decl,para4,base,I observe a movie.
491,train,sem_0046,acq:front_time,para4,order,"Now, I order pizza."
492,train,sem_single_0965,pref:going_to,singleton,single,We are going to enjoy a sandwich.
493,train,sem_0091,eat:decl,para3,lex,I have lunch.
494,train,sem_0197,eat:present_cont,para3,tense,You are eatting lunch.
495,train,sem_seed_pref_imperative,pref:imperative,singleton,single-seed,Please prefer a sandwich.
496,train,sem_seed_learn_wh_what,learn:wh_what,singleton,single-seed,What do They read?
497,train,sem_0009,call:going_to,para4,tense,We are going to text my teacher.
498,train,sem_0288,call:front_place,para3,order,"in the library, She text my father."
499,train,sem_0025,learn:front_time,para4,order,"Today, He learn a novel."
500,train,sem_seed_acq_past_simple,acq:past_simple,singleton,single-seed,I got a sandwich.
501,train,sem_0071,pref:decl,para3,lex,We enjoy pizza.
502,train,sem_0044,learn:decl,para4,lex,He practice a book.
503,train,sem_0089,acq:decl,para3,lex,I purchase pizza.
504,train,sem_single_0971,eat:present_cont,singleton,single,He is haveing a sandwich.
505,train,sem_0069,acq:going_to,para3,tense,We are going to get a song.
506,train,sem_0220,watch:front_time,para3,order,"Today, You view a show."
507,train,sem_seed_drink_perfect_pr,drink:perfect_pr,singleton,single-seed,You have sipped coffee.
508,train,sem_seed_social_future_will,social:future_will,singleton,single-seed,He will use a book.
509,train,sem_0099,acq:modal_can,para3,tense,She can purchase a film.
510,train,sem_seed_acq_because_cause,acq:because_cause,singleton,single-seed,"She buy a movie, because it is warm."
511,train,sem_0087,play:decl,para3,lex,They play music.
512,train,sem_0064,play:decl,para3,base,I play a game.
513,train,sem_0284,acq:decl,para3,base,He pick a sandwich.
514,train,sem_single_0954,call:ynq_do,singleton,single,does He call my teacher?
515,train,sem_0022,learn:decl,para4,lex,She review a novel.
516,train,sem_0227,pref:decl,para3,base,I enjoy juice.
517,train,sem_0050,pref:future_will,para4,tense,They will like a show.
518,train,sem_seed_learn_going_to,learn:going_to,singleton,single-seed,She is going to review music.
519,train,sem_seed_learn_future_will,learn:future_will,singleton,single-seed,She will learn a novel.
520,train,sem_0091,eat:decl,para3,base,I order dinner.
521,train,sem_0189,move:front_place,para3,order,"at the cafe, You return."
522,train,sem_0130,pref:front_place,para3,order,"in the city, I love a song."
523,train,sem_seed_play_front_place,play:front_place,singleton,single-seed,"in the cafe, They play a song."
524,train,sem_0289,watch:decl,para3,lex,She observe a game.
525,train,sem_0045,pref:past_simple,para4,tense,I likeed a sandwich.
526,train,sem_0036,move:going_to,para4,tense,They are going to go to the station.
527,train,sem_single_0899,move:conditional_if,singleton,single,"If it is warm, He come to school."
528,train,sem_0156,drink:decl,para3,base,They sip water.
529,train,sem_0048,eat:decl,para4,base,They have pizza.
530,train,sem_0011,pref:front_place,para4,order,"at school, She love a song."
531,train,sem_0207,watch:going_to,para3,tense,You are going to see a movie.
532,train,sem_seed_eat_front_place,eat:front_place,singleton,single-seed,"in the cafe, She have lunch."
533,train,sem_0131,eat:decl,para3,lex,We have dinner.
534,train,sem_0113,watch:decl,para3,lex,He watch a show.
535,train,sem_seed_move_emph_do,move:emph_do,singleton,single-seed,We do jog to the park.
536,train,sem_single_0960,watch:modal_can,singleton,single,I can observe a movie.
537,train,sem_single_0959,learn:negative_simple,singleton,single,You do not practice a song.
538,train,sem_0008,drink:front_time,para4,order,"Yesterday, He sip coffee."
539,train,sem_0158,pref:decl,para3,base,You love a novel.
540,train,sem_0158,pref:future_will,para3,tense,You will love a novel.
541,train,sem_0014,pref:decl,para4,base,He enjoy a novel.
542,train,sem_0143,learn:decl,para3,base,She study music.
543,train,sem_0029,learn:decl,para4,base,They practice a song.
544,train,sem_0001,move:decl,para4,lex,You walk to the library.
545,train,sem_0152,pref:front_place,para3,order,"at home, He enjoy music."
546,train,sem_0202,drink:decl,para3,lex,She drink water.
547,train,sem_0002,call:past_simple,para4,tense,He called my teacher.
548,train,sem_0213,pref:front_place,para3,order,"at the town, We love water."
549,train,sem_0237,move:decl,para3,base,We travel to the station.
550,train,sem_seed_play_future_will,play:future_will,singleton,single-seed,We will play a song.
551,train,sem_0263,pref:decl,para3,base,We like water.
552,train,sem_0059,watch:present_cont,para3,tense,He is watching a game.
553,train,sem_0142,move:decl,para3,base,You visit at the cafe.
554,train,sem_0309,move:decl,para3,base,I arrive at home.
555,train,sem_0008,drink:decl,para4,base,He sip coffee.
556,train,sem_0083,move:decl,para3,base,He return at the town.
557,train,sem_0277,call:future_will,para3,tense,He will text my teacher.
558,train,sem_0217,watch:decl,para3,base,You observe a game.
559,train,sem_seed_eat_ynq_do,eat:ynq_do,singleton,single-seed,does She have a sandwich?
560,train,sem_seed_play_present_cont,play:present_cont,singleton,single-seed,She is playying music.
561,train,sem_0106,social:going_to,para3,tense,They are going to take a phone.
562,train,sem_0262,drink:decl,para3,lex,He have coffee.
563,train,sem_0152,pref:decl,para3,lex,He love a song.
564,train,sem_single_0989,watch:because_cause,singleton,single,"We watch a game, because it is warm."
565,train,sem_0046,acq:decl,para4,base,I order pizza.
566,train,sem_0111,social:decl,para3,base,We use a computer.
567,train,sem_seed_pref_past_simple,pref:past_simple,singleton,single-seed,He enjoyed lunch.
568,train,sem_0088,acq:decl,para3,lex,They get a sandwich.
569,train,sem_0031,social:decl,para4,lex,He start a computer.
570,train,sem_0161,eat:decl,para3,base,I eat dinner.
571,train,sem_seed_eat_conditional_if,eat:conditional_if,singleton,single-seed,"If it is warm, He eat pizza."
572,train,sem_0180,social:future_will,para3,tense,I will take a ticket.
573,train,sem_0261,move:decl,para3,base,I go to school.
574,train,sem_0035,call:decl,para4,base,We phone my father.
575,train,sem_single_0967,drink:wh_where,singleton,single,Where do They drink?
576,train,sem_0164,drink:decl,para3,base,We drink coffee.
577,train,sem_0191,acq:decl,para3,lex,They purchase pizza.
578,train,sem_single_0922,acq:modal_can,singleton,single,We can purchase a song.
579,train,sem_single_0996,play:front_place,singleton,single,"at school, I play a game."
580,train,sem_single_0957,play:perfect_pr,singleton,single,You have played a game.
581,train,sem_0184,call:decl,para3,lex,They phone a friend.
582,train,sem_0122,social:decl,para3,lex,They start a phone.
583,train,sem_0129,move:decl,para3,lex,You come to the station.
584,train,sem_single_0902,acq:because_cause,singleton,single,"He order a sandwich, because it is warm."
585,train,sem_seed_call_ynq_do,call:ynq_do,singleton,single-seed,do I phone a friend?
586,train,sem_0055,social:front_time,para4,order,"Today, They finish a game."
587,train,sem_0243,learn:decl,para3,lex,We review a novel.
588,train,sem_0073,social:decl,para3,base,They choose coffee.
589,train,sem_seed_move_comparative,move:comparative,singleton,single-seed,This game is better than that novel.
590,train,sem_0308,pref:modal_can,para3,tense,They can love a song.
591,train,sem_0058,move:decl,para3,lex,She walk to the cafe.
592,train,sem_0092,acq:decl,para3,lex,She get a book.
593,train,sem_seed_move_wh_what,move:wh_what,singleton,single-seed,What do We travel?
594,train,sem_0229,social:decl,para3,lex,You choose a novel.
595,train,sem_seed_play_modal_can,play:modal_can,singleton,single-seed,They can play music.
596,train,sem_seed_move_perfect_pr,move:perfect_pr,singleton,single-seed,They have arrived at the city.
597,train,sem_seed_acq_modal_can,acq:modal_can,singleton,single-seed,We can order lunch.
598,train,sem_seed_pref_present_cont,pref:present_cont,singleton,single-seed,We are liking a novel.
599,train,sem_0103,call:decl,para3,lex,They text my mother.
600,train,sem_0252,pref:decl,para3,base,We enjoy music.
601,train,sem_0136,social:decl,para3,lex,We start a computer.
602,train,sem_0157,pref:past_simple,para3,tense,We loveed tea.
603,train,sem_0084,pref:decl,para3,lex,She enjoy a movie.
604,train,sem_0191,acq:decl,para3,base,They order a sandwich.
605,train,sem_0040,call:modal_can,para4,tense,She can call my father.
606,train,sem_single_0908,move:modal_can,singleton,single,We can go to school.
607,train,sem_seed_drink_decl,drink:decl,singleton,single-seed,They sip juice.
608,train,sem_0049,move:decl,para4,base,I come to the town.
609,train,sem_seed_learn_wh_where,learn:wh_where,singleton,single-seed,Where does She review?
610,train,sem_0157,pref:decl,para3,base,We love tea.
611,train,sem_0114,social:front_place,para3,order,"in home, I help my mother."
612,train,sem_0127,social:decl,para3,lex,He finish my father.
613,train,sem_seed_play_wh_what,play:wh_what,singleton,single-seed,What does He play?
614,train,sem_single_0913,acq:going_to,singleton,single,He is going to purchase a film.
615,train,sem_0194,move:going_to,para3,tense,He is going to jog to home.
616,train,sem_0233,watch:decl,para3,base,You see a game.
617,train,sem_0045,pref:decl,para4,base,I like a sandwich.
618,train,sem_0076,watch:decl,para3,lex,We see a show.
619,train,sem_0133,move:present_cont,para3,tense,She is jogging to the town.
620,train,sem_0088,acq:front_place,para3,order,"in the park, They buy pizza."
621,train,sem_seed_play_wh_when,play:wh_when,singleton,single-seed,When does He play?
622,train,sem_single_0927,drink:wh_what,singleton,single,What do We sip?
623,train,sem_0053,eat:past_simple,para4,tense,She had a sandwich.
624,train,sem_0216,eat:decl,para3,base,I order a sandwich.
625,train,sem_seed_acq_conditional_if,acq:conditional_if,singleton,single-seed,"If it is warm, She order dinner."
626,train,sem_0137,learn:future_will,para3,tense,I will review a novel.
627,train,sem_0111,social:decl,para3,lex,We take a phone.
628,train,sem_0186,acq:front_place,para3,order,"in the city, They pick pizza."
629,train,sem_0010,learn:decl,para4,lex,She review a book.
630,train,sem_seed_play_comparative,play:comparative,singleton,single-seed,We prefer a game to that.
631,train,sem_0040,call:decl,para4,lex,She contact my mother.
632,train,sem_0157,pref:decl,para3,lex,We enjoy coffee.
633,train,sem_0201,watch:decl,para3,base,They watch a movie.
634,train,sem_0026,play:decl,para4,lex,He play music.
635,train,sem_0289,watch:front_place,para3,order,"in the office, She view a game."
636,train,sem_0255,pref:past_simple,para3,tense,You loveed a game.
637,train,sem_0099,acq:decl,para3,lex,She buy a movie.
638,train,sem_single_0980,play:ynq_do,singleton,single,do I play music?
639,train,sem_seed_pref_front_place,pref:front_place,singleton,single-seed,"in the park, You love music."
640,train,sem_0016,pref:front_place,para4,order,"in the city, We love juice."
641,train,sem_0275,drink:decl,para3,lex,She drink tea.
642,train,sem_0083,move:decl,para3,lex,He visit at the town.
643,train,sem_single_0990,pref:comparative,singleton,single,This movie is better than that film.
644,train,sem_0063,watch:decl,para3,base,We watch a game.
645,train,sem_0031,social:decl,para4,base,He use a phone.
646,train,sem_0019,eat:decl,para4,base,You order a sandwich.
647,train,sem_0073,social:decl,para3,lex,They meet tea.
648,train,sem_0289,watch:decl,para3,base,She view a game.
649,train,sem_0003,move:decl,para4,lex,We come to school.
650,train,sem_seed_pref_comparative,pref:comparative,singleton,single-seed,She prefer a novel to a book.
651,train,sem_0171,acq:decl,para3,base,I buy a movie.
652,train,sem_0079,acq:decl,para3,lex,We purchase lunch.
653,train,sem_single_0906,acq:negative_simple,singleton,single,You do not buy music.
654,train,sem_0169,drink:decl,para3,base,I sip juice.
655,train,sem_seed_drink_imperative,drink:imperative,singleton,single-seed,Please sip coffee.
656,train,sem_seed_play_going_to,play:going_to,singleton,single-seed,You are going to play music.
657,train,sem_0069,acq:decl,para3,lex,We buy music.
658,train,sem_0117,drink:front_place,para3,order,"at the city, He have pizza."
659,train,sem_0268,social:decl,para3,base,They help a friend.
660,train,sem_0010,learn:perfect_pr,para4,tense,She has read a novel.
661,train,sem_0015,social:future_will,para4,tense,They will make coffee.
662,train,sem_0214,move:decl,para3,lex,He visit at the station.
663,train,sem_seed_eat_modal_can,eat:modal_can,singleton,single-seed,I can order dinner.
664,train,sem_0256,call:front_place,para3,order,"at the office, They phone my father."
665,train,sem_0047,move:front_time,para4,order,"Now, You jog to the station."
666,train,sem_0073,social:past_simple,para3,tense,They chose coffee.
667,train,sem_0221,social:decl,para3,lex,We take my teacher.
668,train,sem_seed_call_front_time,call:front_time,singleton,single-seed,"Today, They text my teacher."
669,train,sem_0056,move:decl,para3,base,I jog to the office.
670,train,sem_0036,move:front_time,para4,order,"Today, They go to the station."
671,train,sem_0062,eat:decl,para3,base,We order pizza.
672,train,sem_0097,learn:present_cont,para3,tense,They are reviewing music.
673,train,sem_seed_move_imperative,move:imperative,singleton,single-seed,Please travel to the park.
674,train,sem_0093,social:decl,para3,lex,We help lunch.
675,train,sem_seed_pref_ynq_do,pref:ynq_do,singleton,single-seed,do We love pizza?
676,train,sem_0127,social:decl,para3,base,He help my mother.
677,train,sem_0048,eat:decl,para4,lex,They eat a sandwich.
678,train,sem_0246,eat:decl,para3,lex,They have a sandwich.
679,train,sem_0281,social:decl,para3,base,We start a book.
680,train,sem_single_0984,eat:conditional_if,singleton,single,"If it is warm, She eat pizza."
681,train,sem_0068,watch:decl,para3,lex,They watch a game.
682,train,sem_seed_social_past_cont,social:past_cont,singleton,single-seed,He was starting lunch.
683,train,sem_0093,social:decl,para3,base,We finish dinner.
684,train,sem_0136,social:decl,para3,base,We bring a phone.
685,train,sem_0066,pref:modal_can,para3,tense,I can like pizza.
686,train,sem_0057,pref:decl,para3,base,He prefer dinner.
687,train,sem_0022,learn:present_cont,para4,tense,She is learning a book.
688,train,sem_seed_play_decl,play:decl,singleton,single-seed,She play music.
689,train,sem_0272,call:past_simple,para3,tense,I phoned my father.
690,train,sem_0192,drink:front_time,para3,order,"Now, You drink tea."
691,train,sem_seed_move_negative_simple,move:negative_simple,singleton,single-seed,She does not come to the town.
692,train,sem_0009,call:decl,para4,base,We text my teacher.
693,train,sem_0288,call:decl,para3,lex,She phone my mother.
694,train,sem_seed_eat_wh_where,eat:wh_where,singleton,single-seed,Where do We eat?
695,train,sem_0281,social:decl,para3,lex,We help a novel.
696,train,sem_single_0919,pref:past_cont,singleton,single,You were prefering a sandwich.
697,train,sem_0106,social:decl,para3,lex,They make a computer.
698,train,sem_seed_pref_perfect_pr,pref:perfect_pr,singleton,single-seed,She has likeed a movie.
699,train,sem_0011,pref:decl,para4,lex,She like music.
700,train,sem_single_0928,acq:negative_simple,singleton,single,She does not pick a ticket.
701,train,sem_0035,call:decl,para4,lex,We text my mother.
702,train,sem_0074,learn:decl,para3,lex,We practice a novel.
703,train,sem_0034,pref:going_to,para4,tense,He is going to prefer lunch.
704,train,sem_0043,learn:past_simple,para4,tense,I reviewed a book.
705,train,sem_0124,eat:decl,para3,lex,We have pizza.
706,train,sem_0122,social:decl,para3,base,They use a computer.
707,train,sem_0000,eat:decl,para4,lex,You eat pizza.
708,train,sem_seed_watch_wh_when,watch:wh_when,singleton,single-seed,When does She see?
709,train,sem_0002,call:decl,para4,base,He call my teacher.
710,train,sem_single_0948,pref:because_cause,singleton,single,"I love pizza, because it is warm."
711,train,sem_0173,acq:decl,para3,lex,They purchase a book.
712,train,sem_0286,learn:decl,para3,base,They read a novel.
713,train,sem_0270,watch:decl,para3,base,You observe a movie.
714,train,sem_single_0976,call:negative_simple,singleton,single,You do not contact my mother.
715,train,sem_0125,move:decl,para3,base,He walk to the town.
716,train,sem_seed_move_decl,move:decl,singleton,single-seed,You come to home.
717,train,sem_0129,move:decl,para3,base,You visit at the station.
718,train,sem_0047,move:future_will,para4,tense,You will jog to the station.
719,train,sem_0059,watch:decl,para3,lex,He observe a game.
720,train,sem_seed_social_front_time,social:front_time,singleton,single-seed,"Today, You use a computer."
721,train,sem_0040,call:front_place,para4,order,"in the cafe, She call my father."
722,train,sem_0201,watch:modal_can,para3,tense,They can watch a movie.
723,train,sem_seed_move_going_to,move:going_to,singleton,single-seed,You are going to go to home.
724,train,sem_seed_acq_perfect_pr,acq:perfect_pr,singleton,single-seed,He has purchased pizza.
725,train,sem_seed_pref_wh_when,pref:wh_when,singleton,single-seed,When do I prefer?
726,train,sem_single_0947,play:front_place,singleton,single,"in home, We play a song."
727,train,sem_0202,drink:front_time,para3,order,"Now, She sip juice."
728,train,sem_0016,pref:decl,para4,base,We love juice.
729,train,sem_0142,move:front_time,para3,order,"Now, You visit at the cafe."
730,train,sem_0036,move:decl,para4,base,They go to the station.
731,train,sem_single_0918,drink:wh_what,singleton,single,What do You have?
732,train,sem_0297,watch:decl,para3,base,He view a movie.
733,train,sem_0012,social:future_will,para4,tense,I will bring a book.
734,train,sem_single_0978,watch:modal_can,singleton,single,We can watch a show.
735,train,sem_0046,acq:decl,para4,lex,I purchase a sandwich.
736,train,sem_single_0923,drink:wh_where,singleton,single,Where does She have?
737,train,sem_0092,acq:decl,para3,base,She buy a novel.
738,train,sem_single_0995,acq:wh_what,singleton,single,What do You purchase?
739,train,sem_0135,call:decl,para3,base,You contact my mother.
740,train,sem_0268,social:decl,para3,lex,They use my teacher.
741,train,sem_single_0921,acq:front_place,singleton,single,"in the park, They order a sandwich."
742,train,sem_single_0952,watch:imperative,singleton,single,Please observe a game.
743,train,sem_0050,pref:front_time,para4,order,"Today, They like a show."
744,train,sem_0101,move:front_place,para3,order,"at the station, They arrive."
745,train,sem_0051,watch:going_to,para4,tense,She is going to view a movie.
746,train,sem_0041,social:decl,para4,lex,I make a game.
747,train,sem_0171,acq:modal_can,para3,tense,I can buy a movie.
748,train,sem_single_0930,social:wh_what,singleton,single,What does She meet?
749,train,sem_0186,acq:decl,para3,lex,They purchase a sandwich.
750,train,sem_0132,drink:decl,para3,lex,You have water.
751,train,sem_0262,drink:present_cont,para3,tense,He is sipping tea.
752,train,sem_0162,learn:decl,para3,base,You practice a book.
753,train,sem_0141,move:decl,para3,base,I walk to the station.
754,train,sem_0045,pref:front_time,para4,order,"Yesterday, I like a sandwich."
755,train,sem_0035,call:front_time,para4,order,"Today, We phone my father."
756,train,sem_0277,call:decl,para3,base,He text my teacher.
757,train,sem_0034,pref:decl,para4,base,He prefer lunch.
758,train,sem_0243,learn:going_to,para3,tense,We are going to read a book.
759,train,sem_0295,drink:front_place,para3,order,"at the office, They sip tea."
760,train,sem_single_0926,acq:modal_can,singleton,single,She can get a computer.
761,train,sem_0004,social:front_time,para4,order,"Now, You meet my teacher."
762,train,sem_0095,learn:present_cont,para3,tense,We are learning a book.
763,train,sem_0000,eat:perfect_pr,para4,tense,You have had a sandwich.
764,train,sem_single_0909,drink:present_cont,singleton,single,I am drinking tea.
765,train,sem_0251,social:decl,para3,base,You finish dinner.
766,train,sem_0078,drink:decl,para3,lex,He drink lunch.
767,train,sem_0202,drink:decl,para3,base,She sip juice.
768,train,sem_0039,social:decl,para4,base,She finish a movie.
769,train,sem_0274,move:decl,para3,base,I run to the station.
770,train,sem_0008,drink:decl,para4,lex,He have tea.
771,train,sem_0143,learn:decl,para3,lex,She learn a song.
772,train,sem_0240,acq:decl,para3,base,They get a computer.
773,train,sem_0184,call:decl,para3,base,They contact my teacher.
774,train,sem_0045,pref:decl,para4,lex,I enjoy pizza.
775,train,sem_0082,learn:decl,para3,lex,He read a song.
776,train,sem_seed_call_modal_can,call:modal_can,singleton,single-seed,He can text a friend.
777,train,sem_single_0988,learn:front_place,singleton,single,"in the office, She review a novel."
778,train,sem_0027,pref:decl,para4,base,You like a movie.
779,train,sem_single_0982,watch:because_cause,singleton,single,"They view a game, because it is warm."
780,train,sem_0200,watch:decl,para3,base,They see a show.
781,train,sem_0030,learn:past_simple,para4,tense,We studied a song.
782,train,sem_0004,social:decl,para4,base,You meet my teacher.
783,train,sem_0194,move:decl,para3,lex,He go to the cafe.
784,train,sem_0245,eat:decl,para3,base,They order lunch.
785,train,sem_seed_eat_comparative,eat:comparative,singleton,single-seed,You prefer a sandwich to pizza.
786,train,sem_single_0942,play:conditional_if,singleton,single,"If it is warm, He play a game."
787,train,sem_0112,acq:present_cont,para3,tense,I am ordering lunch.
788,train,sem_0228,eat:decl,para3,lex,She order lunch.
789,train,sem_0166,learn:decl,para3,lex,He review music.
790,train,sem_0049,move:modal_can,para4,tense,I can come to the town.
791,train,sem_0078,drink:decl,para3,base,He have dinner.
792,train,sem_0297,watch:decl,para3,lex,He observe a film.
793,train,sem_seed_drink_future_will,drink:future_will,singleton,single-seed,I will drink water.
794,train,sem_0236,pref:decl,para3,base,She prefer a book.
795,train,sem_seed_watch_because_cause,watch:because_cause,singleton,single-seed,"He watch a film, because it is warm."
796,train,sem_seed_pref_wh_where,pref:wh_where,singleton,single-seed,Where do You like?
797,train,sem_0032,acq:present_cont,para4,tense,We are buyying a song.
798,train,sem_0066,pref:decl,para3,lex,I enjoy a sandwich.
799,train,sem_single_0925,call:because_cause,singleton,single,"She call a friend, because it is warm."
800,validation,sem_0112,acq:decl,para3,base,I order lunch.
801,validation,sem_0067,play:decl,para3,base,They play a game.
802,validation,sem_0127,social:front_time,para3,order,"Now, He help my mother."
803,validation,sem_0237,move:decl,para3,lex,We run to the station.
804,validation,sem_0048,eat:going_to,para4,tense,They are going to have pizza.
805,validation,sem_seed_social_front_place,social:front_place,singleton,single-seed,"at the cafe, He start lunch."
806,validation,sem_seed_social_going_to,social:going_to,singleton,single-seed,You are going to take a phone.
807,validation,sem_seed_drink_front_place,drink:front_place,singleton,single-seed,"in the city, I sip juice."
808,validation,sem_0005,play:decl,para4,base,We play a game.
809,validation,sem_0293,move:decl,para3,base,We travel to school.
810,validation,sem_0236,pref:front_time,para3,order,"Yesterday, She prefer a book."
811,validation,sem_seed_watch_present_cont,watch:present_cont,singleton,single-seed,I am watching a movie.
812,validation,sem_0016,pref:decl,para4,lex,We prefer water.
813,validation,sem_0121,move:front_time,para3,order,"Now, You walk to the town."
814,validation,sem_0139,learn:decl,para3,lex,You study a novel.
815,validation,sem_0192,drink:decl,para3,lex,You sip coffee.
816,validation,sem_seed_drink_wh_when,drink:wh_when,singleton,single-seed,When do They drink?
817,validation,sem_0109,call:decl,para3,lex,He contact my father.
818,validation,sem_0053,eat:decl,para4,base,She have a sandwich.
819,validation,sem_seed_watch_wh_where,watch:wh_where,singleton,single-seed,Where does He view?
820,validation,sem_0018,call:decl,para4,base,You text a friend.
821,validation,sem_0174,acq:front_time,para3,order,"Now, I get a phone."
822,validation,sem_0015,social:decl,para4,base,They make coffee.
823,validation,sem_0054,social:going_to,para4,tense,They are going to help my mother.
824,validation,sem_0266,acq:decl,para3,base,You pick a movie.
825,validation,sem_seed_learn_decl,learn:decl,singleton,single-seed,I study music.
826,validation,sem_0097,learn:decl,para3,lex,They read a song.
827,validation,sem_0011,pref:past_simple,para4,tense,She loveed a song.
828,validation,sem_0121,move:decl,para3,base,You walk to the town.
829,validation,sem_0291,social:going_to,para3,tense,They are going to bring a ticket.
830,validation,sem_0101,move:decl,para3,lex,They visit at the station.
831,validation,sem_seed_call_negative_simple,call:negative_simple,singleton,single-seed,He does not phone my father.
832,validation,sem_single_0969,social:front_time,singleton,single,"Today, I finish lunch."
833,validation,sem_0252,pref:decl,para3,lex,We love a song.
834,validation,sem_0128,call:decl,para3,base,She phone my father.
835,validation,sem_0295,drink:decl,para3,lex,They drink coffee.
836,validation,sem_0248,eat:decl,para3,base,She have lunch.
837,validation,sem_0226,play:decl,para3,base,You play a game.
838,validation,sem_0166,learn:decl,para3,base,He study a song.
839,validation,sem_0187,eat:decl,para3,base,He eat lunch.
840,validation,sem_0077,move:decl,para3,base,You walk to the park.
841,validation,sem_0139,learn:front_place,para3,order,"at the park, You review a book."
842,validation,sem_0189,move:decl,para3,lex,You run to home.
843,validation,sem_single_0992,play:wh_when,singleton,single,When do You play?
844,validation,sem_single_0943,pref:wh_when,singleton,single,When does She like?
845,validation,sem_0111,social:front_time,para3,order,"Now, We use a computer."
846,validation,sem_0068,watch:present_cont,para3,tense,They are seeing a game.
847,validation,sem_0131,eat:past_simple,para3,tense,We ordered lunch.
848,validation,sem_single_0946,drink:modal_can,singleton,single,You can have lunch.
849,validation,sem_0136,social:front_place,para3,order,"in school, We bring a phone."
850,validation,sem_0288,call:decl,para3,base,She text my father.
851,validation,sem_0026,play:future_will,para4,tense,He will play a song.
852,validation,sem_0052,watch:decl,para4,lex,I watch a film.
853,validation,sem_0047,move:decl,para4,base,You jog to the station.
854,validation,sem_0025,learn:modal_can,para4,tense,He can learn a novel.
855,validation,sem_0183,move:decl,para3,lex,We come to the park.
856,validation,sem_0176,call:front_time,para3,order,"Today, I contact my father."
857,validation,sem_0007,watch:front_place,para4,order,"in the library, You observe a film."
858,validation,sem_seed_social_imperative,social:imperative,singleton,single-seed,Please finish a movie.
859,validation,sem_0074,learn:decl,para3,base,We review a book.
860,validation,sem_single_0981,acq:negative_simple,singleton,single,She does not get a sandwich.
861,validation,sem_0146,watch:decl,para3,base,She observe a movie.
862,validation,sem_0300,call:decl,para3,lex,I text a friend.
863,validation,sem_0047,move:decl,para4,lex,You return at the station.
864,validation,sem_seed_social_ynq_do,social:ynq_do,singleton,single-seed,do They finish dinner?
865,validation,sem_0074,learn:front_place,para3,order,"in the cafe, We review a book."
866,validation,sem_0166,learn:going_to,para3,tense,He is going to study a song.
867,validation,sem_0014,pref:decl,para4,lex,He like a book.
868,validation,sem_0284,acq:decl,para3,lex,He get pizza.
869,validation,sem_0090,eat:decl,para3,base,I have pizza.
870,validation,sem_0175,pref:decl,para3,base,They like tea.
871,validation,sem_single_0911,learn:decl,singleton,single,I learn a novel.
872,validation,sem_0114,social:decl,para3,base,I help my mother.
873,validation,sem_0049,move:decl,para4,lex,I arrive at the town.
874,validation,sem_0123,move:decl,para3,lex,We arrive at home.
875,validation,sem_0144,call:future_will,para3,tense,She will contact my teacher.
876,validation,sem_0075,social:going_to,para3,tense,She is going to choose coffee.
877,validation,sem_0025,learn:decl,para4,lex,He read a book.
878,validation,sem_0072,move:decl,para3,base,I return at the town.
879,validation,sem_0037,eat:decl,para4,base,We have lunch.
880,validation,sem_0252,pref:front_place,para3,order,"at the park, We enjoy music."
881,validation,sem_0272,call:decl,para3,base,I phone my father.
882,validation,sem_seed_watch_decl,watch:decl,singleton,single-seed,He view a show.
883,validation,sem_0038,eat:front_place,para4,order,"at the office, They order dinner."
884,validation,sem_0037,eat:present_cont,para4,tense,We are haveing lunch.
885,validation,sem_seed_call_comparative,call:comparative,singleton,single-seed,This book is better than that show.
886,validation,sem_single_0972,play:wh_when,singleton,single,When do I play?
887,validation,sem_0017,social:decl,para4,lex,He start pizza.
888,validation,sem_seed_social_comparative,social:comparative,singleton,single-seed,This book is better than that town.
889,validation,sem_seed_watch_perfect_pr,watch:perfect_pr,singleton,single-seed,We have saw a show.
890,validation,sem_0255,pref:decl,para3,lex,You like a game.
891,validation,sem_single_0896,watch:ynq_do,singleton,single,does He observe a game?
892,validation,sem_0120,play:decl,para3,base,We play a song.
893,validation,sem_seed_drink_going_to,drink:going_to,singleton,single-seed,I am going to drink coffee.
894,validation,sem_seed_call_wh_where,call:wh_where,singleton,single-seed,Where do I contact?
895,validation,sem_seed_learn_modal_can,learn:modal_can,singleton,single-seed,They can read a song.
896,validation,sem_seed_watch_ynq_do,watch:ynq_do,singleton,single-seed,do I watch a movie?
897,validation,sem_0110,acq:decl,para3,base,They get a movie.
898,validation,sem_0031,social:front_time,para4,order,"Now, He use a phone."
899,validation,sem_seed_eat_future_will,eat:future_will,singleton,single-seed,He will eat a sandwich.
900,test,sem_0212,learn:decl,para3,base,You read a song.
901,test,sem_seed_social_emph_do,social:emph_do,singleton,single-seed,They do use a phone.
902,test,sem_0041,social:decl,para4,base,I choose a game.
903,test,sem_seed_watch_negative_simple,watch:negative_simple,singleton,single-seed,He does not view a film.
904,test,sem_0175,pref:decl,para3,lex,They prefer coffee.
905,test,sem_0132,drink:going_to,para3,tense,You are going to sip juice.
906,test,sem_seed_social_perfect_pr,social:perfect_pr,singleton,single-seed,We have helped my father.
907,test,sem_seed_call_future_will,call:future_will,singleton,single-seed,We will call my teacher.
908,test,sem_0019,eat:front_time,para4,order,"Yesterday, You order a sandwich."
909,test,sem_seed_drink_past_cont,drink:past_cont,singleton,single-seed,We were sipping juice.
910,test,sem_0017,social:perfect_pr,para4,tense,He has made a sandwich.
911,test,sem_0017,social:front_place,para4,order,"in the town, He make a sandwich."
912,test,sem_seed_pref_because_cause,pref:because_cause,singleton,single-seed,"They prefer a show, because it is warm."
913,test,sem_0304,drink:decl,para3,base,She drink juice.
914,test,sem_0141,move:front_time,para3,order,"Today, I walk to the station."
915,test,sem_0180,social:decl,para3,lex,I start a ticket.
916,test,sem_single_0987,eat:wh_where,singleton,single,Where does He order?
917,test,sem_0197,eat:decl,para3,lex,You have dinner.
918,test,sem_0175,pref:modal_can,para3,tense,They can like tea.
919,test,sem_0030,learn:decl,para4,lex,We learn music.
920,test,sem_seed_pref_decl,pref:decl,singleton,single-seed,They like a game.
921,test,sem_0053,eat:decl,para4,lex,She order pizza.
922,test,sem_0038,eat:decl,para4,lex,They eat lunch.
923,test,sem_single_0951,learn:front_time,singleton,single,"Yesterday, You learn a novel."
924,test,sem_seed_drink_because_cause,drink:because_cause,singleton,single-seed,"We sip water, because it is warm."
925,test,sem_0042,watch:decl,para4,lex,I watch a game.
926,test,sem_0043,learn:front_time,para4,order,"Now, I review a book."
927,test,sem_seed_call_decl,call:decl,singleton,single-seed,They phone my teacher.
928,test,sem_0098,move:decl,para3,base,She visit at the office.
929,test,sem_0275,drink:decl,para3,base,She sip coffee.
930,test,sem_0308,pref:decl,para3,base,They love a song.
931,test,sem_0007,watch:modal_can,para4,tense,You can observe a film.
932,test,sem_seed_eat_imperative,eat:imperative,singleton,single-seed,Please eat pizza.
933,test,sem_0055,social:decl,para4,lex,They make a game.
934,test,sem_0020,move:front_place,para4,order,"to the city, She come."
935,test,sem_0007,watch:decl,para4,base,You observe a film.
936,test,sem_0006,move:decl,para4,base,I walk to the town.
937,test,sem_0205,pref:decl,para3,lex,You prefer dinner.
938,test,sem_seed_call_wh_what,call:wh_what,singleton,single-seed,What does She phone?
939,test,sem_0012,social:decl,para4,base,I bring a book.
940,test,sem_seed_watch_past_cont,watch:past_cont,singleton,single-seed,She was watching a game.
941,test,sem_seed_acq_imperative,acq:imperative,singleton,single-seed,Please get a song.
942,test,sem_0116,call:decl,para3,base,You contact my teacher.
943,test,sem_0110,acq:decl,para3,lex,They pick a film.
944,test,sem_0071,pref:perfect_pr,para3,tense,We have preferred a sandwich.
945,test,sem_0049,move:front_time,para4,order,"Today, I come to the town."
946,test,sem_seed_play_wh_where,play:wh_where,singleton,single-seed,Where do I play?
947,test,sem_0251,social:going_to,para3,tense,You are going to finish dinner.
948,test,sem_0141,move:decl,para3,lex,I jog to the station.
949,test,sem_0010,learn:decl,para4,base,She read a novel.
950,test,sem_0042,watch:decl,para4,base,I see a game.
951,test,sem_seed_pref_conditional_if,pref:conditional_if,singleton,single-seed,"If it is warm, They prefer a book."
952,test,sem_0148,call:decl,para3,base,They contact a friend.
953,test,sem_seed_social_past_simple,social:past_simple,singleton,single-seed,He helped my father.
954,test,sem_0262,drink:decl,para3,base,He sip tea.
955,test,sem_0295,drink:decl,para3,base,They sip tea.
956,test,sem_0147,watch:decl,para3,lex,He see a film.
957,test,sem_0304,drink:decl,para3,lex,She have water.
958,test,sem_0233,watch:front_time,para3,order,"Now, You see a game."
959,test,sem_seed_acq_decl,acq:decl,singleton,single-seed,We buy a computer.
960,test,sem_0000,eat:front_time,para4,order,"Yesterday, You have a sandwich."
961,test,sem_0033,social:front_place,para4,order,"at the library, They finish lunch."
962,test,sem_0034,pref:front_place,para4,order,"in the park, He prefer lunch."
963,test,sem_0263,pref:future_will,para3,tense,We will like water.
964,test,sem_0272,call:decl,para3,lex,I call my mother.
965,test,sem_0044,learn:front_place,para4,order,"in the office, He read a novel."
966,test,sem_0032,acq:front_time,para4,order,"Yesterday, We buy a song."
967,test,sem_0114,social:decl,para3,lex,I bring my father.
968,test,sem_single_0977,move:past_simple,singleton,single,We went to home.
969,test,sem_seed_acq_negative_simple,acq:negative_simple,singleton,single-seed,He does not purchase a book.
970,test,sem_single_0999,drink:wh_when,singleton,single,When do You drink?
971,test,sem_seed_social_present_cont,social:present_cont,singleton,single-seed,They are helping my father.
972,test,sem_0107,drink:decl,para3,lex,They sip lunch.
973,test,sem_0121,move:decl,para3,lex,You go to the town.
974,test,sem_0228,eat:decl,para3,base,She eat dinner.
975,test,sem_0034,pref:decl,para4,lex,He love dinner.
976,test,sem_0038,eat:decl,para4,base,They order dinner.
977,test,sem_0278,move:front_place,para3,order,"at the cafe, They arrive."
978,test,sem_0033,social:decl,para4,lex,They take dinner.
979,test,sem_0286,learn:front_place,para3,order,"in the cafe, They read a novel."
980,test,sem_seed_watch_wh_what,watch:wh_what,singleton,single-seed,What do We observe?
981,test,sem_0154,call:front_time,para3,order,"Today, You phone my teacher."
982,test,sem_0052,watch:future_will,para4,tense,I will observe a movie.
983,test,sem_single_0914,pref:comparative,singleton,single,You prefer a novel to a book.
984,test,sem_0026,play:decl,para4,base,He play a song.
985,test,sem_0240,acq:front_place,para3,order,"in the park, They get a computer."
986,test,sem_0093,social:front_time,para3,order,"Today, We finish dinner."
987,test,sem_0257,eat:decl,para3,base,They order pizza.
988,test,sem_single_0985,social:because_cause,singleton,single,"They use a phone, because it is warm."
989,test,sem_0060,learn:decl,para3,lex,She read a song.
990,test,sem_seed_drink_conditional_if,drink:conditional_if,singleton,single-seed,"If it is warm, I drink water."
991,test,sem_0147,watch:decl,para3,base,He observe a movie.
992,test,sem_0162,learn:decl,para3,lex,You read a novel.
993,test,sem_seed_acq_wh_where,acq:wh_where,singleton,single-seed,Where do I get?
994,test,sem_single_0945,social:imperative,singleton,single,Please take pizza.
995,test,sem_0130,pref:decl,para3,base,I love a song.
996,test,sem_single_0934,learn:past_cont,singleton,single,We were readding a book.
997,test,sem_0118,learn:decl,para3,base,We learn a song.
998,test,sem_0260,move:decl,para3,base,He travel to the station.
999,test,sem_seed_drink_ynq_do,drink:ynq_do,singleton,single-seed,do I drink coffee?
