sweep_param,param_value,dim,hp_k,hp_cosine_tau,hp_temperature,hp_lc,hp_lo,hp_lk,ndcg@10,ndcg@100,recall@10,recall@100,map
k (top-m/top-K),2.0,32,2,-2.0,0.12,1.0,1.0,1.0,48.50242688006175,51.61973171854785,55.41854858897581,69.57810231132683,45.43167511118842
k (top-m/top-K),2.0,64,2,-2.0,0.12,1.0,1.0,1.0,65.44352270689151,67.97950688559504,72.33017386264851,83.52278222495895,62.147911650973654
k (top-m/top-K),5.0,32,5,-2.0,0.12,1.0,1.0,1.0,47.79383753241104,50.86483375596719,55.10071248470653,69.00310884398169,44.74041547085881
k (top-m/top-K),5.0,64,5,-2.0,0.12,1.0,1.0,1.0,64.10096014956046,66.77942300663877,71.28018173073826,82.89997829278002,60.866513060689506
k (top-m/top-K),10.0,32,10,-2.0,0.12,1.0,1.0,1.0,46.8535678027081,49.900252334744025,53.42711334677549,67.7859219348659,43.995534515132256
k (top-m/top-K),10.0,64,10,-2.0,0.12,1.0,1.0,1.0,63.43613869011002,66.17731220307935,70.64835838645804,82.72822919776584,60.146519642666995
k (top-m/top-K),20.0,32,20,-2.0,0.12,1.0,1.0,1.0,46.611038170059814,49.82621470304068,53.173301770420814,67.76382018899514,43.77849085914633
k (top-m/top-K),20.0,64,20,-2.0,0.12,1.0,1.0,1.0,63.30041366469107,65.99360614099416,69.8218346671218,81.48778570806587,60.208030921610046
k (top-m/top-K),40.0,32,40,-2.0,0.12,1.0,1.0,1.0,46.11054568131727,49.26395778013671,52.887651113606346,67.34577404093821,43.13913762371141
k (top-m/top-K),40.0,64,40,-2.0,0.12,1.0,1.0,1.0,64.41060262333667,66.94225193158564,70.69451143479857,81.99054695663533,61.20921687516196
k (top-m/top-K),80.0,32,80,-2.0,0.12,1.0,1.0,1.0,45.25807147126808,48.62480271071275,51.24487128328343,66.74717775041051,42.627504724643146
k (top-m/top-K),80.0,64,80,-2.0,0.12,1.0,1.0,1.0,64.21315748604174,66.73646720045797,70.72145542830508,81.98160666082003,61.05374077221719
cosine_tau (τ),-2.0,32,10,-2.0,0.12,1.0,1.0,1.0,46.8535678027081,49.900252334744025,53.42711334677549,67.7859219348659,43.995534515132256
cosine_tau (τ),-2.0,64,10,-2.0,0.12,1.0,1.0,1.0,63.43613869011002,66.17731220307935,70.64835838645804,82.72822919776584,60.146519642666995
cosine_tau (τ),0.0,32,10,0.0,0.12,1.0,1.0,1.0,46.8535678027081,49.900252334744025,53.42711334677549,67.7859219348659,43.995534515132256
cosine_tau (τ),0.0,64,10,0.0,0.12,1.0,1.0,1.0,63.43613869011002,66.17731220307935,70.64835838645804,82.72822919776584,60.146519642666995
cosine_tau (τ),0.3,32,10,0.3,0.12,1.0,1.0,1.0,46.261729179039705,49.637049540718095,52.447712689961044,67.7984888136289,43.668754059369334
cosine_tau (τ),0.3,64,10,0.3,0.12,1.0,1.0,1.0,63.38968986453718,66.29838767163328,70.46710633391288,83.12089935686917,60.201334430051
cosine_tau (τ),0.5,32,10,0.5,0.12,1.0,1.0,1.0,46.83263762814173,49.88501469857139,53.40360144201358,67.68758860153257,43.9804033110212
cosine_tau (τ),0.5,64,10,0.5,0.12,1.0,1.0,1.0,63.437142118182464,66.19431953535968,70.63444469598184,82.77510419776584,60.15942782568604
cosine_tau (τ),0.7,32,10,0.7,0.12,1.0,1.0,1.0,46.8535678027081,49.900252334744025,53.42711334677549,67.7859219348659,43.995534515132256
cosine_tau (τ),0.7,64,10,0.7,0.12,1.0,1.0,1.0,63.43613869011002,66.17731220307935,70.64835838645804,82.72822919776584,60.146519642666995
cosine_tau (τ),0.8,32,10,0.8,0.12,1.0,1.0,1.0,46.8535678027081,49.900252334744025,53.42711334677549,67.7859219348659,43.995534515132256
cosine_tau (τ),0.8,64,10,0.8,0.12,1.0,1.0,1.0,63.43613869011002,66.17731220307935,70.64835838645804,82.72822919776584,60.146519642666995
temperature,0.02,32,10,-2.0,0.02,1.0,1.0,1.0,46.80741955185467,49.815485365700916,53.244757195981826,66.95333770276658,44.02320848700478
temperature,0.02,64,10,-2.0,0.02,1.0,1.0,1.0,63.68228131699889,66.41789195236836,70.56892070608284,82.76205470654826,60.5196279586281
temperature,0.05,32,10,-2.0,0.05,1.0,1.0,1.0,47.288899887885954,50.26291518013607,53.51587326741042,67.1508972265761,44.49346103986993
temperature,0.05,64,10,-2.0,0.05,1.0,1.0,1.0,63.763379393833475,66.51083319846572,71.03159431719396,83.165834468453,60.44670607688777
temperature,0.08,32,10,-2.0,0.08,1.0,1.0,1.0,46.825161463698414,49.71590222357493,53.63108160074375,67.23027418582375,43.81666448172748
temperature,0.08,64,10,-2.0,0.08,1.0,1.0,1.0,63.47053570369028,66.22803850631355,70.78559052931517,82.95184321664924,60.15652722535418
temperature,0.12,32,10,-2.0,0.12,1.0,1.0,1.0,46.8535678027081,49.900252334744025,53.42711334677549,67.7859219348659,43.995534515132256
temperature,0.12,64,10,-2.0,0.12,1.0,1.0,1.0,63.43613869011002,66.17731220307935,70.64835838645804,82.72822919776584,60.146519642666995
temperature,0.2,32,10,-2.0,0.2,1.0,1.0,1.0,46.795552243730654,49.7751730012016,53.0680855689977,66.63805897646414,44.03240297346712
temperature,0.2,64,10,-2.0,0.2,1.0,1.0,1.0,63.365374658442676,66.15014236955449,70.54942981502946,82.86735908966511,60.09401500693434
temperature,0.4,32,10,-2.0,0.4,1.0,1.0,1.0,46.74706930330907,49.913968747016575,52.80942981502946,67.16187198155123,44.10166557621487
temperature,0.4,64,10,-2.0,0.4,1.0,1.0,1.0,63.308399654650295,65.9527879190206,71.00284251344216,82.61067077797681,59.858640822933005
λ_contrast,0.1,32,10,-2.0,0.12,1.0,1.0,0.1,47.601462235943764,50.745268790256596,53.64485144201359,68.20888033661741,44.93220371659293
λ_contrast,0.1,64,10,-2.0,0.12,1.0,1.0,0.1,64.08167608600053,66.81748076786745,71.29476215629931,83.27387694680797,60.770415076603456
λ_contrast,0.5,32,10,-2.0,0.12,1.0,1.0,0.5,46.96592138754708,50.00165798716074,53.51211334677549,67.81508860153258,44.10297969589792
λ_contrast,0.5,64,10,-2.0,0.12,1.0,1.0,0.5,63.54958381694114,66.3010625717007,70.71252505312471,82.8448958644325,60.26905684965117
λ_contrast,1.0,32,10,-2.0,0.12,1.0,1.0,1.0,46.8535678027081,49.900252334744025,53.42711334677549,67.7859219348659,43.995534515132256
λ_contrast,1.0,64,10,-2.0,0.12,1.0,1.0,1.0,63.43613869011002,66.17731220307935,70.64835838645804,82.72822919776584,60.146519642666995
λ_contrast,2.0,32,10,-2.0,0.12,1.0,1.0,2.0,46.761943827869395,49.775233301514206,53.36461334677549,67.49425526819923,43.897272308408795
λ_contrast,2.0,64,10,-2.0,0.12,1.0,1.0,2.0,63.432869001840565,66.1760472560396,70.61669171979136,82.73204864221026,60.15489675249871
λ_contrast,5.0,32,10,-2.0,0.12,1.0,1.0,5.0,46.79217014035559,49.79762008202513,53.381280013442165,67.52758860153257,43.92130946075468
λ_contrast,5.0,64,10,-2.0,0.12,1.0,1.0,5.0,63.394632638252865,66.1402016883978,70.54419171979136,82.67351689617854,60.125782023858065
λ_contrast,10.0,32,10,-2.0,0.12,1.0,1.0,10.0,46.78683177365817,49.79022759328109,53.381280013442165,67.52758860153257,43.91163695107985
λ_contrast,10.0,64,10,-2.0,0.12,1.0,1.0,10.0,63.365846381094634,66.11482969442206,70.51919171979137,82.64851689617853,60.09842023360218
λ_cov,0.1,32,10,-2.0,0.12,0.1,1.0,1.0,46.85008829151855,49.86760608740623,53.42711334677549,67.61092193486591,43.98709302930337
λ_cov,0.1,64,10,-2.0,0.12,0.1,1.0,1.0,63.43673694857732,66.1784267957278,70.64835838645804,82.72822919776584,60.147441338168896
λ_cov,0.5,32,10,-2.0,0.12,0.5,1.0,1.0,46.8535678027081,49.90025736047476,53.42711334677549,67.7859219348659,43.995531229322204
λ_cov,0.5,64,10,-2.0,0.12,0.5,1.0,1.0,63.43673694857732,66.17808567636594,70.64835838645804,82.72822919776584,60.14724073409623
λ_cov,1.0,32,10,-2.0,0.12,1.0,1.0,1.0,46.8535678027081,49.900252334744025,53.42711334677549,67.7859219348659,43.995534515132256
λ_cov,1.0,64,10,-2.0,0.12,1.0,1.0,1.0,63.43613869011002,66.17731220307935,70.64835838645804,82.72822919776584,60.146519642666995
λ_cov,2.0,32,10,-2.0,0.12,2.0,1.0,1.0,46.8535678027081,49.90030511725081,53.42711334677549,67.7859219348659,43.99555599332526
λ_cov,2.0,64,10,-2.0,0.12,2.0,1.0,1.0,63.43336698857045,66.18920529925667,70.59835838645803,82.72822919776584,60.15753887264819
λ_cov,5.0,32,10,-2.0,0.12,5.0,1.0,1.0,46.87772312062107,49.919205248167245,53.377113346775495,67.6859219348659,44.0428188878227
λ_cov,5.0,64,10,-2.0,0.12,5.0,1.0,1.0,63.43336698857045,66.18966085313096,70.59835838645803,82.72822919776584,60.157859681717426
λ_cov,10.0,32,10,-2.0,0.12,10.0,1.0,1.0,46.85991306268552,49.897075195319246,53.45211334677549,67.7859219348659,43.98475001754353
λ_cov,10.0,64,10,-2.0,0.12,10.0,1.0,1.0,63.424005359912805,66.18092207560126,70.59835838645803,82.72822919776584,60.14864995215935
λ_orth,0.1,32,10,-2.0,0.12,1.0,0.1,1.0,46.78683177365817,49.79776225141569,53.381280013442165,67.57758860153257,43.912150468891255
λ_orth,0.1,64,10,-2.0,0.12,1.0,0.1,1.0,63.365846381094634,66.1146112795745,70.51919171979137,82.64851689617853,60.098259275926445
λ_orth,0.5,32,10,-2.0,0.12,1.0,0.5,1.0,46.761943827869395,49.77515190943826,53.36461334677549,67.49425526819923,43.89722523037391
λ_orth,0.5,64,10,-2.0,0.12,1.0,0.5,1.0,63.432869001840565,66.17600263675226,70.61669171979136,82.73204864221026,60.15487634433546
λ_orth,1.0,32,10,-2.0,0.12,1.0,1.0,1.0,46.8535678027081,49.900252334744025,53.42711334677549,67.7859219348659,43.995534515132256
λ_orth,1.0,64,10,-2.0,0.12,1.0,1.0,1.0,63.43613869011002,66.17731220307935,70.64835838645804,82.72822919776584,60.146519642666995
λ_orth,2.0,32,10,-2.0,0.12,1.0,2.0,1.0,46.94771475360387,50.01605009628053,53.43711334677549,67.88175526819924,44.107353773916714
λ_orth,2.0,64,10,-2.0,0.12,1.0,2.0,1.0,63.54958381694114,66.30130205359775,70.71252505312471,82.8448958644325,60.2692373307971
λ_orth,5.0,32,10,-2.0,0.12,1.0,5.0,1.0,47.2628727554612,50.40502441615953,53.34961334677549,67.90828509852217,44.572155105883596
λ_orth,5.0,64,10,-2.0,0.12,1.0,5.0,1.0,63.78768773959327,66.53872002423356,70.96289707693423,83.02648111347463,60.501764329693565
λ_orth,10.0,32,10,-2.0,0.12,1.0,10.0,1.0,47.63923188749156,50.78618727600103,53.603184775346925,68.14102319376028,44.99738945586589
λ_orth,10.0,64,10,-2.0,0.12,1.0,10.0,1.0,64.08325259728157,66.81838063895061,71.29476215629931,83.26832139125241,60.77478942385927
